{"count":1,"self":404.86494719999996,"total":2145.6980312,"children":{"AgentSendState":{"count":238784,"self":17.198244799999998,"total":289.7275368,"children":{"CollectObservations":{"count":501459,"self":5.5780796,"total":5.5780797,"children":null},"CollectDiscreteActionMasks":{"count":501459,"self":1.3710906,"total":1.3710906,"children":null},"AgentInfo.ToProto":{"count":501459,"self":6.528924,"total":265.5801212,"children":{"GenerateSensorData":{"count":501459,"self":259.0511872,"total":259.05119709999997,"children":null}}}}},"DecideAction":{"count":238784,"self":1394.854912,"total":1394.8548988,"children":null},"AgentAct":{"count":238784,"self":51.804316799999995,"total":56.248649799999995,"children":{"AgentInfo.ToProto":{"count":5519,"self":0.108911,"total":4.4443329999999994,"children":{"GenerateSensorData":{"count":5519,"self":4.3354219999999994,"total":4.3354219999999994,"children":null}}}}}},"gauges":{"Autopilot.CumulativeReward":{"count":5519,"max":1.29185975,"min":-0.0263267141,"runningAverage":0.8217063,"value":1.05342066,"weightedAverage":1.03142691}},"metadata":{"timer_format_version":"0.1.0","start_time_seconds":"1611873095","unity_version":"2019.4.8f1","command_line_arguments":"C:\\Program Files\\Unity\\Hub\\Editor\\2019.4.8f1\\Editor\\Unity.exe -projectpath D:\/Dev\/GitHub\/unity-ml-racing-track\/ML-Racing-Track -useHub -hubIPC -cloudEnvironment production -hubSessionId 60f08650-61b6-11eb-a5e8-bbd4d978fa50","communication_protocol_version":"1.0.0","com.unity.ml-agents_version":"1.0.6","scene_name":"Race","end_time_seconds":"1611875241"}}