{"count":1,"self":1244.798976,"total":2352.5776071,"children":{"AgentSendState":{"count":2433884,"self":15.9468576,"total":126.0951087,"children":{"CollectObservations":{"count":243389,"self":1.9102092,"total":1.9102090999999999,"children":null},"CollectDiscreteActionMasks":{"count":243389,"self":0.41163639999999996,"total":0.41163639999999996,"children":null},"AgentInfo.ToProto":{"count":243389,"self":2.5770204,"total":107.8264059,"children":{"GenerateSensorData":{"count":243389,"self":105.2493824,"total":105.24938549999999,"children":null}}}}},"DecideAction":{"count":2433884,"self":935.3207808,"total":935.320825,"children":null},"AgentAct":{"count":2433884,"self":44.708249599999995,"total":46.3616849,"children":{"AgentInfo.ToProto":{"count":3989,"self":0.0400164,"total":1.6534364,"children":{"GenerateSensorData":{"count":3989,"self":1.6134199999999999,"total":1.6134199999999999,"children":null}}}}}},"gauges":{"Autopilot.CumulativeReward":{"count":3989,"max":1.23390961,"min":-0.0578235,"runningAverage":0.5980291,"value":0.8401519,"weightedAverage":0.792957664}},"metadata":{"timer_format_version":"0.1.0","start_time_seconds":"1611768777","unity_version":"2019.4.8f1","command_line_arguments":"C:\\Program Files\\Unity\\Hub\\Editor\\2019.4.8f1\\Editor\\Unity.exe -projectpath D:\/Dev\/GitHub\/unity-ml-racing-track\/ML-Racing-Track -useHub -hubIPC -cloudEnvironment production -hubSessionId 08684a30-60bd-11eb-a260-dbe0e13bbf4a","communication_protocol_version":"1.0.0","com.unity.ml-agents_version":"1.0.6","scene_name":"Race","end_time_seconds":"1611771129"}}