{"count":1,"self":782.2022144,"total":1834.2847720999998,"children":{"AgentSendState":{"count":999984,"self":16.1862528,"total":215.5403724,"children":{"CollectObservations":{"count":499995,"self":11.857178399999999,"total":11.857178099999999,"children":null},"CollectDiscreteActionMasks":{"count":499995,"self":0.8864213,"total":0.8864213,"children":null},"AgentInfo.ToProto":{"count":499995,"self":4.6582304,"total":186.61052039999998,"children":{"GenerateSensorData":{"count":499995,"self":181.9522944,"total":181.9522901,"children":null}}}}},"DecideAction":{"count":999984,"self":787.1090176,"total":787.1089958,"children":null},"AgentAct":{"count":999984,"self":49.2573472,"total":49.432183099999996,"children":{"AgentInfo.ToProto":{"count":354,"self":0.0039888,"total":0.1748362,"children":{"GenerateSensorData":{"count":354,"self":0.17084739999999998,"total":0.17084739999999998,"children":null}}}}}},"gauges":{"Autopilot.CumulativeReward":{"count":354,"max":43.2207527,"min":0.191799209,"runningAverage":6.284676,"value":5.32860947,"weightedAverage":6.52356052}},"metadata":{"timer_format_version":"0.1.0","start_time_seconds":"1612565842","unity_version":"2019.4.8f1","command_line_arguments":"C:\\Program Files\\Unity\\Hub\\Editor\\2019.4.8f1\\Editor\\Unity.exe -projectpath D:\/Dev\/GitHub\/unity-ml-racing-track\/ML-Racing-Track -useHub -hubIPC -cloudEnvironment production -hubSessionId cab61e70-67fa-11eb-9d3e-59785c3462f2","communication_protocol_version":"1.0.0","com.unity.ml-agents_version":"1.0.6","scene_name":"Race","end_time_seconds":"1612567676"}}