{
    "name": "root",
    "metadata": {
        "timer_format_version": "0.1.0",
        "start_time_seconds": "1611635150",
        "python_version": "3.7.9 (tags/v3.7.9:13c94747c7, Aug 17 2020, 16:30:00) [MSC v.1900 64 bit (AMD64)]",
        "command_line_arguments": "D:\\Dev\\GitHub\\unity-ml-racing-track\\.venv\\Scripts\\mlagents-learn .\\config\\autopilot_config.yaml --run-id=Autopilot --force",
        "mlagents_version": "0.23.0",
        "mlagents_envs_version": "0.23.0",
        "communication_protocol_version": "1.3.0",
        "pytorch_version": "1.7.0+cu110",
        "numpy_version": "1.19.4",
        "end_time_seconds": "1611635185"
    },
    "total": 34.8592153,
    "count": 1,
    "self": 0.004400700000005031,
    "children": {
        "run_training.setup": {
            "total": 0.020683899999999977,
            "count": 1,
            "self": 0.020683899999999977
        },
        "TrainerController.start_learning": {
            "total": 34.834130699999996,
            "count": 1,
            "self": 0.1919340000000318,
            "children": {
                "TrainerController._reset_env": {
                    "total": 17.171683,
                    "count": 1,
                    "self": 17.171683
                },
                "TrainerController.advance": {
                    "total": 17.351793699999963,
                    "count": 1681,
                    "self": 0.018716699999924202,
                    "children": {
                        "env_step": {
                            "total": 17.33307700000004,
                            "count": 1681,
                            "self": 13.9918504,
                            "children": {
                                "SubprocessEnvManager._take_step": {
                                    "total": 3.3236313999999787,
                                    "count": 1681,
                                    "self": 0.08108690000002028,
                                    "children": {
                                        "TorchPolicy.evaluate": {
                                            "total": 3.2425444999999584,
                                            "count": 1681,
                                            "self": 1.2139409000000612,
                                            "children": {
                                                "TorchPolicy.sample_actions": {
                                                    "total": 2.0286035999998973,
                                                    "count": 1681,
                                                    "self": 2.0286035999998973
                                                }
                                            }
                                        }
                                    }
                                },
                                "workers": {
                                    "total": 0.017595200000059208,
                                    "count": 1680,
                                    "self": 0.0,
                                    "children": {
                                        "worker_root": {
                                            "total": 18.67334729999998,
                                            "count": 1680,
                                            "is_parallel": true,
                                            "self": 5.951694599999918,
                                            "children": {
                                                "steps_from_proto": {
                                                    "total": 0.00023529999999993834,
                                                    "count": 1,
                                                    "is_parallel": true,
                                                    "self": 7.500000000071338e-05,
                                                    "children": {
                                                        "_process_vector_observation": {
                                                            "total": 0.00016029999999922495,
                                                            "count": 2,
                                                            "is_parallel": true,
                                                            "self": 0.00016029999999922495
                                                        }
                                                    }
                                                },
                                                "UnityEnvironment.step": {
                                                    "total": 12.72141740000006,
                                                    "count": 1680,
                                                    "is_parallel": true,
                                                    "self": 0.11722870000002317,
                                                    "children": {
                                                        "UnityEnvironment._generate_step_input": {
                                                            "total": 0.09115079999997278,
                                                            "count": 1680,
                                                            "is_parallel": true,
                                                            "self": 0.09115079999997278
                                                        },
                                                        "communicator.exchange": {
                                                            "total": 12.261927000000018,
                                                            "count": 1680,
                                                            "is_parallel": true,
                                                            "self": 12.261927000000018
                                                        },
                                                        "steps_from_proto": {
                                                            "total": 0.25111090000004666,
                                                            "count": 1680,
                                                            "is_parallel": true,
                                                            "self": 0.10918840000026364,
                                                            "children": {
                                                                "_process_vector_observation": {
                                                                    "total": 0.14192249999978301,
                                                                    "count": 3360,
                                                                    "is_parallel": true,
                                                                    "self": 0.14192249999978301
                                                                }
                                                            }
                                                        }
                                                    }
                                                }
                                            }
                                        }
                                    }
                                }
                            }
                        }
                    }
                },
                "trainer_threads": {
                    "total": 1.6000000002236447e-05,
                    "count": 1,
                    "self": 1.6000000002236447e-05,
                    "children": {
                        "thread_root": {
                            "total": 0.0,
                            "count": 0,
                            "is_parallel": true,
                            "self": 0.0,